-- MySQL dump 10.13  Distrib 5.5.49, for debian-linux-gnu (x86_64)
--
-- Host: localhost    Database: eBank9
-- ------------------------------------------------------
-- Server version	5.5.49-0ubuntu0.14.04.1

/*!40101 SET @OLD_CHARACTER_SET_CLIENT=@@CHARACTER_SET_CLIENT */;
/*!40101 SET @OLD_CHARACTER_SET_RESULTS=@@CHARACTER_SET_RESULTS */;
/*!40101 SET @OLD_COLLATION_CONNECTION=@@COLLATION_CONNECTION */;
/*!40101 SET NAMES utf8 */;
/*!40103 SET @OLD_TIME_ZONE=@@TIME_ZONE */;
/*!40103 SET TIME_ZONE='+00:00' */;
/*!40014 SET @OLD_UNIQUE_CHECKS=@@UNIQUE_CHECKS, UNIQUE_CHECKS=0 */;
/*!40014 SET @OLD_FOREIGN_KEY_CHECKS=@@FOREIGN_KEY_CHECKS, FOREIGN_KEY_CHECKS=0 */;
/*!40101 SET @OLD_SQL_MODE=@@SQL_MODE, SQL_MODE='NO_AUTO_VALUE_ON_ZERO' */;
/*!40111 SET @OLD_SQL_NOTES=@@SQL_NOTES, SQL_NOTES=0 */;

--
-- Table structure for table `acc_assignements`
--

DROP TABLE IF EXISTS `acc_assignements`;
/*!40101 SET @saved_cs_client     = @@character_set_client */;
/*!40101 SET character_set_client = utf8 */;
CREATE TABLE `acc_assignements` (
  `id` bigint(20) NOT NULL AUTO_INCREMENT,
  `id_account` bigint(20) NOT NULL,
  `id_user` bigint(20) NOT NULL,
  PRIMARY KEY (`id`),
  KEY `FK_isan3ym0sy9q96swt0i9vdtt0` (`id_account`),
  KEY `FK_jx0yvie4l4jpag2qj7heegi22` (`id_user`),
  CONSTRAINT `FK_isan3ym0sy9q96swt0i9vdtt0` FOREIGN KEY (`id_account`) REFERENCES `accounts` (`id`),
  CONSTRAINT `FK_jx0yvie4l4jpag2qj7heegi22` FOREIGN KEY (`id_user`) REFERENCES `users_hb` (`id`)
) ENGINE=InnoDB AUTO_INCREMENT=12 DEFAULT CHARSET=latin1;
/*!40101 SET character_set_client = @saved_cs_client */;

--
-- Dumping data for table `acc_assignements`
--

LOCK TABLES `acc_assignements` WRITE;
/*!40000 ALTER TABLE `acc_assignements` DISABLE KEYS */;
INSERT INTO `acc_assignements` VALUES (1,1,1),(2,2,1),(3,3,1),(4,4,1),(5,5,1),(6,6,1),(7,7,2),(8,8,2),(9,9,3),(10,10,3),(11,11,4);
/*!40000 ALTER TABLE `acc_assignements` ENABLE KEYS */;
UNLOCK TABLES;

--
-- Table structure for table `accounts`
--

DROP TABLE IF EXISTS `accounts`;
/*!40101 SET @saved_cs_client     = @@character_set_client */;
/*!40101 SET character_set_client = utf8 */;
CREATE TABLE `accounts` (
  `id` bigint(20) NOT NULL AUTO_INCREMENT,
  `IBAN` varchar(34) NOT NULL,
  `acc_type` int(11) NOT NULL,
  `balance` double NOT NULL,
  `currency` int(11) NOT NULL,
  `opening_date` datetime NOT NULL,
  `id_comm` bigint(20) NOT NULL,
  `id_rate` bigint(20) NOT NULL,
  PRIMARY KEY (`id`),
  KEY `FK_dbsf1jmd1ttsvdsrah08yt3oe` (`id_comm`),
  KEY `FK_2uikcufueg8vcbqboa8ac2hle` (`id_rate`),
  CONSTRAINT `FK_2uikcufueg8vcbqboa8ac2hle` FOREIGN KEY (`id_rate`) REFERENCES `rates` (`id`),
  CONSTRAINT `FK_dbsf1jmd1ttsvdsrah08yt3oe` FOREIGN KEY (`id_comm`) REFERENCES `commisions` (`id`)
) ENGINE=InnoDB AUTO_INCREMENT=12 DEFAULT CHARSET=latin1;
/*!40101 SET character_set_client = @saved_cs_client */;

--
-- Dumping data for table `accounts`
--

LOCK TABLES `accounts` WRITE;
/*!40000 ALTER TABLE `accounts` DISABLE KEYS */;
INSERT INTO `accounts` VALUES (1,'RO01TEST3262702634709088',2,33,0,'2016-06-14 17:30:24',1,2),(2,'RO02TEST9562979163898794',2,-9.130434782608695,1,'2016-06-14 17:30:57',2,3),(3,'RO01TEST6383290919662709',0,825,0,'2016-06-14 17:31:13',3,1),(4,'RO02TEST1743188689617071',0,970.8695652173913,1,'2016-06-14 17:31:29',4,1),(5,'RO01TEST8470827035996785',1,1063,0,'2016-06-14 17:31:46',5,4),(6,'RO02TEST8025179927069130',1,1011.7391304347825,1,'2016-06-14 17:33:17',6,5),(7,'RO01TEST8494622164088562',0,232,0,'2016-06-15 18:24:10',3,1),(8,'RO02TEST6696280318880379',0,155.6521739130435,1,'2016-06-15 18:25:03',4,1),(9,'RO01TEST8712243875460969',0,999,0,'2016-06-24 20:50:18',3,1),(10,'RO01TEST7962656532777675',1,0,0,'2016-06-24 21:05:34',5,4),(11,'RO01TEST6270732222739654',0,800,0,'2016-07-06 00:27:31',3,1);
/*!40000 ALTER TABLE `accounts` ENABLE KEYS */;
UNLOCK TABLES;

--
-- Table structure for table `card_assignements`
--

DROP TABLE IF EXISTS `card_assignements`;
/*!40101 SET @saved_cs_client     = @@character_set_client */;
/*!40101 SET character_set_client = utf8 */;
CREATE TABLE `card_assignements` (
  `id` bigint(20) NOT NULL AUTO_INCREMENT,
  `id_account` bigint(20) NOT NULL,
  `id_card` bigint(20) NOT NULL,
  `id_user` bigint(20) NOT NULL,
  PRIMARY KEY (`id`),
  KEY `FK_jweek2me5jcufbnc33h4fom7v` (`id_account`),
  KEY `FK_nrwt513ohk6gdb6ykckv8pysm` (`id_card`),
  KEY `FK_72x3g7sm15kwaybnvl0f2175n` (`id_user`),
  CONSTRAINT `FK_72x3g7sm15kwaybnvl0f2175n` FOREIGN KEY (`id_user`) REFERENCES `users_hb` (`id`),
  CONSTRAINT `FK_jweek2me5jcufbnc33h4fom7v` FOREIGN KEY (`id_account`) REFERENCES `accounts` (`id`),
  CONSTRAINT `FK_nrwt513ohk6gdb6ykckv8pysm` FOREIGN KEY (`id_card`) REFERENCES `cards` (`id`)
) ENGINE=InnoDB AUTO_INCREMENT=4 DEFAULT CHARSET=latin1;
/*!40101 SET character_set_client = @saved_cs_client */;

--
-- Dumping data for table `card_assignements`
--

LOCK TABLES `card_assignements` WRITE;
/*!40000 ALTER TABLE `card_assignements` DISABLE KEYS */;
INSERT INTO `card_assignements` VALUES (1,1,1,1),(2,2,2,1),(3,3,3,1);
/*!40000 ALTER TABLE `card_assignements` ENABLE KEYS */;
UNLOCK TABLES;

--
-- Table structure for table `cards`
--

DROP TABLE IF EXISTS `cards`;
/*!40101 SET @saved_cs_client     = @@character_set_client */;
/*!40101 SET character_set_client = utf8 */;
CREATE TABLE `cards` (
  `id` bigint(20) NOT NULL AUTO_INCREMENT,
  `card_no` varchar(16) NOT NULL,
  `card_type` int(11) NOT NULL,
  `daily_limit` double NOT NULL,
  `validity` varchar(255) NOT NULL,
  PRIMARY KEY (`id`)
) ENGINE=InnoDB AUTO_INCREMENT=4 DEFAULT CHARSET=latin1;
/*!40101 SET character_set_client = @saved_cs_client */;

--
-- Dumping data for table `cards`
--

LOCK TABLES `cards` WRITE;
/*!40000 ALTER TABLE `cards` DISABLE KEYS */;
INSERT INTO `cards` VALUES (1,'3738335772419407',0,3000,'12/2020'),(2,'5754411913723993',0,3000,'12/2020'),(3,'3741212974211229',1,3000,'12/2020');
/*!40000 ALTER TABLE `cards` ENABLE KEYS */;
UNLOCK TABLES;

--
-- Table structure for table `commisions`
--

DROP TABLE IF EXISTS `commisions`;
/*!40101 SET @saved_cs_client     = @@character_set_client */;
/*!40101 SET character_set_client = utf8 */;
CREATE TABLE `commisions` (
  `id` bigint(20) NOT NULL AUTO_INCREMENT,
  `amount` double NOT NULL,
  `comm_type` int(11) NOT NULL,
  `details` varchar(255) NOT NULL,
  PRIMARY KEY (`id`)
) ENGINE=InnoDB AUTO_INCREMENT=8 DEFAULT CHARSET=latin1;
/*!40101 SET character_set_client = @saved_cs_client */;

--
-- Dumping data for table `commisions`
--

LOCK TABLES `commisions` WRITE;
/*!40000 ALTER TABLE `commisions` DISABLE KEYS */;
INSERT INTO `commisions` VALUES (1,10,10,'Comm for admin credit acc in RON'),(2,10,10,'Comm for admin credit acc in EUR'),(3,5,8,'Comm for admin curr acc in RON'),(4,5,8,'Comm for admin curr acc in EUR'),(5,5,9,'Comm for admin saving acc in RON'),(6,5,9,'Comm for admin saving acc in EUR'),(7,0,11,'False comm for in-house TRX');
/*!40000 ALTER TABLE `commisions` ENABLE KEYS */;
UNLOCK TABLES;

--
-- Table structure for table `exchange_rates`
--

DROP TABLE IF EXISTS `exchange_rates`;
/*!40101 SET @saved_cs_client     = @@character_set_client */;
/*!40101 SET character_set_client = utf8 */;
CREATE TABLE `exchange_rates` (
  `id` bigint(20) NOT NULL AUTO_INCREMENT,
  `buy` double NOT NULL,
  `currency` int(11) NOT NULL,
  `sell` double NOT NULL,
  PRIMARY KEY (`id`)
) ENGINE=InnoDB AUTO_INCREMENT=3 DEFAULT CHARSET=latin1;
/*!40101 SET character_set_client = @saved_cs_client */;

--
-- Dumping data for table `exchange_rates`
--

LOCK TABLES `exchange_rates` WRITE;
/*!40000 ALTER TABLE `exchange_rates` DISABLE KEYS */;
INSERT INTO `exchange_rates` VALUES (1,4.4,1,4.6),(2,3.9,2,4.1);
/*!40000 ALTER TABLE `exchange_rates` ENABLE KEYS */;
UNLOCK TABLES;

--
-- Table structure for table `rates`
--

DROP TABLE IF EXISTS `rates`;
/*!40101 SET @saved_cs_client     = @@character_set_client */;
/*!40101 SET character_set_client = utf8 */;
CREATE TABLE `rates` (
  `id` bigint(20) NOT NULL AUTO_INCREMENT,
  `details` varchar(255) NOT NULL,
  `rate_type` int(11) NOT NULL,
  `year_percentage` double NOT NULL,
  PRIMARY KEY (`id`)
) ENGINE=InnoDB AUTO_INCREMENT=6 DEFAULT CHARSET=latin1;
/*!40101 SET character_set_client = @saved_cs_client */;

--
-- Dumping data for table `rates`
--

LOCK TABLES `rates` WRITE;
/*!40000 ALTER TABLE `rates` DISABLE KEYS */;
INSERT INTO `rates` VALUES (1,'False rate',2,0),(2,'Rate for credit card in RON',1,12),(3,'Rate for credit card in EUR',1,10),(4,'Rate for saving acc in RON',0,12),(5,'Rate for saving acc in EUR',0,10);
/*!40000 ALTER TABLE `rates` ENABLE KEYS */;
UNLOCK TABLES;

--
-- Table structure for table `token_assignements`
--

DROP TABLE IF EXISTS `token_assignements`;
/*!40101 SET @saved_cs_client     = @@character_set_client */;
/*!40101 SET character_set_client = utf8 */;
CREATE TABLE `token_assignements` (
  `id` bigint(20) NOT NULL AUTO_INCREMENT,
  `id_token` bigint(20) NOT NULL,
  `id_user` bigint(20) NOT NULL,
  PRIMARY KEY (`id`),
  KEY `FK_ssy1w0imjmkl9qk0k6u8s4q6j` (`id_token`),
  KEY `FK_jfm3m8bs68gymck9y0nsyd1a` (`id_user`),
  CONSTRAINT `FK_jfm3m8bs68gymck9y0nsyd1a` FOREIGN KEY (`id_user`) REFERENCES `users_hb` (`id`),
  CONSTRAINT `FK_ssy1w0imjmkl9qk0k6u8s4q6j` FOREIGN KEY (`id_token`) REFERENCES `tokens` (`id`)
) ENGINE=InnoDB DEFAULT CHARSET=latin1;
/*!40101 SET character_set_client = @saved_cs_client */;

--
-- Dumping data for table `token_assignements`
--

LOCK TABLES `token_assignements` WRITE;
/*!40000 ALTER TABLE `token_assignements` DISABLE KEYS */;
/*!40000 ALTER TABLE `token_assignements` ENABLE KEYS */;
UNLOCK TABLES;

--
-- Table structure for table `tokens`
--

DROP TABLE IF EXISTS `tokens`;
/*!40101 SET @saved_cs_client     = @@character_set_client */;
/*!40101 SET character_set_client = utf8 */;
CREATE TABLE `tokens` (
  `id` bigint(20) NOT NULL AUTO_INCREMENT,
  `serial` bigint(20) NOT NULL,
  `token_type` int(11) NOT NULL,
  PRIMARY KEY (`id`)
) ENGINE=InnoDB DEFAULT CHARSET=latin1;
/*!40101 SET character_set_client = @saved_cs_client */;

--
-- Dumping data for table `tokens`
--

LOCK TABLES `tokens` WRITE;
/*!40000 ALTER TABLE `tokens` DISABLE KEYS */;
/*!40000 ALTER TABLE `tokens` ENABLE KEYS */;
UNLOCK TABLES;

--
-- Table structure for table `transactions`
--

DROP TABLE IF EXISTS `transactions`;
/*!40101 SET @saved_cs_client     = @@character_set_client */;
/*!40101 SET character_set_client = utf8 */;
CREATE TABLE `transactions` (
  `id` bigint(20) NOT NULL AUTO_INCREMENT,
  `amount` double NOT NULL,
  `beneficiary_IBAN` varchar(34) NOT NULL,
  `date` datetime NOT NULL,
  `details` varchar(255) NOT NULL,
  `payer_IBAN` varchar(34) NOT NULL,
  `status` int(11) NOT NULL,
  `trans_type` int(11) NOT NULL,
  `id_comm` bigint(20) NOT NULL,
  `currency` int(11) NOT NULL,
  PRIMARY KEY (`id`),
  KEY `FK_d3s88w9ra4jxjiyqivvn5e5d1` (`id_comm`),
  CONSTRAINT `FK_d3s88w9ra4jxjiyqivvn5e5d1` FOREIGN KEY (`id_comm`) REFERENCES `commisions` (`id`)
) ENGINE=InnoDB AUTO_INCREMENT=1750 DEFAULT CHARSET=latin1;
/*!40101 SET character_set_client = @saved_cs_client */;

--
-- Dumping data for table `transactions`
--

LOCK TABLES `transactions` WRITE;
/*!40000 ALTER TABLE `transactions` DISABLE KEYS */;
INSERT INTO `transactions` VALUES (7,10,'RO01TEST8470827035996785','2016-06-17 01:21:09','Curr to saving same currency','RO01TEST6383290919662709',1,2,7,0),(8,50,'RO02TEST8025179927069130','2016-06-17 01:26:10','Curr to savings RON->EUR','RO01TEST6383290919662709',1,3,7,0),(9,50,'RO02TEST1743188689617071','2016-06-17 02:04:42','Saving to curr RON->EUR','RO01TEST8470827035996785',1,3,7,0),(10,10,'RO01TEST6383290919662709','2016-06-17 02:14:04','Saving to curr same currency','RO01TEST8470827035996785',1,2,7,0),(11,10,'RO01TEST6383290919662709','2016-06-17 02:30:01','Saving to curr EUR->RON','RO02TEST8025179927069130',1,5,7,0),(12,10,'RO01TEST3262702634709088','2016-06-17 14:15:08','Curr credit transfer same currency','RO01TEST6383290919662709',1,6,7,0),(13,10,'RO01TEST3262702634709088','2016-06-17 14:21:31','Curr credit transfer EUR->RON','RO02TEST1743188689617071',1,7,7,1),(14,10,'RO02TEST9562979163898794','2016-06-17 14:23:13','Curr credit transfer EUR->EUR','RO02TEST1743188689617071',1,6,7,1),(15,50,'RO02TEST9562979163898794','2016-06-17 14:25:30','Curr credit transfer RON->EUR','RO01TEST6383290919662709',1,7,7,0),(16,10,'RO01TEST6383290919662709','2016-06-17 14:56:17','Credit curr transfer RON->RON','RO01TEST3262702634709088',1,8,7,0),(17,4000,'RO01TEST6383290919662709','2016-06-17 14:57:35','Credit curr transfer more than daily limit(Rejection reason: insufficient resources)','RO01TEST3262702634709088',3,8,7,0),(18,10000,'RO02TEST1743188689617071','2016-06-17 14:59:14','Credt curr transfer more than daily limit(Rejection reason: transfer exceed card daily limit)','RO01TEST3262702634709088',3,9,7,1),(19,10000,'RO01TEST8470827035996785','2016-06-17 15:00:47','Current savings transfer more than available balance(Rejection reason: insufficient resources)','RO01TEST6383290919662709',3,2,7,0),(20,10,'RO01TEST8494622164088562','2016-06-17 17:27:45','Internal current EUR-current RON','RO02TEST1743188689617071',1,1,7,1),(21,10000,'RO02TEST6696280318880379','2016-06-17 17:55:49','Internal payment current RON - current EUR(Rejection reason: insufficient resources)','RO01TEST6383290919662709',3,1,7,0),(22,10,'RO02TEST6696280318880379','2016-06-17 17:58:08','Internal payment credit EUR - current EUR','RO02TEST9562979163898794',1,0,7,1),(23,20,'RO01TEST8494622164088562','2016-06-17 17:59:56','Internal payment credit EUR - current RON','RO02TEST9562979163898794',1,1,7,1),(24,4000,'RO01TEST8494622164088562','2016-06-17 18:00:43','Internal payment credit RON - current RON(Rejection reason: transfer exceed card daily limit)','RO01TEST3262702634709088',3,0,7,0),(25,1000,'RO01TEST6383290919662709','2016-06-17 18:18:33','Internal payment cuurent RON - current RON(Rejection reason: insufficient resources)','RO01TEST8494622164088562',3,0,7,0),(26,10,'RO02TEST6696280318880379','2016-06-17 18:30:12','Internal payment credit RON - current EUR','RO01TEST3262702634709088',1,1,7,0),(27,69,'RO01TEST8470827035996785','2016-06-23 23:59:22','HB test case 4','RO01TEST6383290919662709',1,2,7,0),(1246,1000,'RO01TEST8712243875460969','2016-06-24 21:09:44','performance test','RO01TEST8712243875460969',3,2,7,0),(1247,1000,'RO01TEST8712243875460969','2016-06-24 21:09:44','performance test','RO01TEST8712243875460969',3,2,7,0),(1248,1000,'RO01TEST8712243875460969','2016-06-24 21:09:44','performance test','RO01TEST8712243875460969',3,2,7,0),(1249,1000,'RO01TEST8712243875460969','2016-06-24 21:09:44','performance test','RO01TEST8712243875460969',3,2,7,0),(1250,1000,'RO01TEST8712243875460969','2016-06-24 21:09:44','performance test','RO01TEST8712243875460969',3,2,7,0),(1251,1000,'RO01TEST8712243875460969','2016-06-24 21:09:44','performance test','RO01TEST8712243875460969',3,2,7,0),(1252,1000,'RO01TEST8712243875460969','2016-06-24 21:09:44','performance test','RO01TEST8712243875460969',3,2,7,0),(1253,1000,'RO01TEST8712243875460969','2016-06-24 21:09:44','performance test','RO01TEST8712243875460969',3,2,7,0),(1254,1000,'RO01TEST8712243875460969','2016-06-24 21:09:44','performance test','RO01TEST8712243875460969',3,2,7,0),(1255,1000,'RO01TEST8712243875460969','2016-06-24 21:09:44','performance test','RO01TEST8712243875460969',3,2,7,0),(1256,1000,'RO01TEST8712243875460969','2016-06-24 21:09:44','performance test','RO01TEST8712243875460969',3,2,7,0),(1257,1000,'RO01TEST8712243875460969','2016-06-24 21:09:44','performance test','RO01TEST8712243875460969',3,2,7,0),(1258,1000,'RO01TEST8712243875460969','2016-06-24 21:09:44','performance test','RO01TEST8712243875460969',3,2,7,0),(1259,1000,'RO01TEST8712243875460969','2016-06-24 21:09:44','performance test','RO01TEST8712243875460969',3,2,7,0),(1260,1000,'RO01TEST8712243875460969','2016-06-24 21:09:44','performance test','RO01TEST8712243875460969',3,2,7,0),(1261,1000,'RO01TEST8712243875460969','2016-06-24 21:09:44','performance test','RO01TEST8712243875460969',3,2,7,0),(1262,1000,'RO01TEST8712243875460969','2016-06-24 21:09:44','performance test','RO01TEST8712243875460969',3,2,7,0),(1263,1000,'RO01TEST8712243875460969','2016-06-24 21:09:44','performance test','RO01TEST8712243875460969',3,2,7,0),(1264,1000,'RO01TEST8712243875460969','2016-06-24 21:09:44','performance test','RO01TEST8712243875460969',3,2,7,0),(1265,1000,'RO01TEST8712243875460969','2016-06-24 21:09:44','performance test','RO01TEST8712243875460969',3,2,7,0),(1266,1000,'RO01TEST8712243875460969','2016-06-24 21:09:44','performance test','RO01TEST8712243875460969',3,2,7,0),(1267,1000,'RO01TEST8712243875460969','2016-06-24 21:09:44','performance test','RO01TEST8712243875460969',3,2,7,0),(1268,1000,'RO01TEST8712243875460969','2016-06-24 21:09:44','performance test','RO01TEST8712243875460969',3,2,7,0),(1269,1000,'RO01TEST8712243875460969','2016-06-24 21:09:44','performance test','RO01TEST8712243875460969',3,2,7,0),(1270,1000,'RO01TEST8712243875460969','2016-06-24 21:09:44','performance test','RO01TEST8712243875460969',3,2,7,0),(1271,1000,'RO01TEST8712243875460969','2016-06-24 21:09:44','performance test','RO01TEST8712243875460969',3,2,7,0),(1272,1000,'RO01TEST8712243875460969','2016-06-24 21:09:44','performance test','RO01TEST8712243875460969',3,2,7,0),(1273,1000,'RO01TEST8712243875460969','2016-06-24 21:09:44','performance test','RO01TEST8712243875460969',3,2,7,0),(1274,1000,'RO01TEST8712243875460969','2016-06-24 21:09:44','performance test','RO01TEST8712243875460969',3,2,7,0),(1275,1000,'RO01TEST8712243875460969','2016-06-24 21:09:44','performance test','RO01TEST8712243875460969',3,2,7,0),(1276,1000,'RO01TEST8712243875460969','2016-06-24 21:09:44','performance test','RO01TEST8712243875460969',3,2,7,0),(1277,1000,'RO01TEST8712243875460969','2016-06-24 21:09:44','performance test','RO01TEST8712243875460969',3,2,7,0),(1278,1000,'RO01TEST8712243875460969','2016-06-24 21:09:44','performance test','RO01TEST8712243875460969',3,2,7,0),(1279,1000,'RO01TEST8712243875460969','2016-06-24 21:09:44','performance test','RO01TEST8712243875460969',3,2,7,0),(1280,1000,'RO01TEST8712243875460969','2016-06-24 21:09:44','performance test','RO01TEST8712243875460969',3,2,7,0),(1281,1000,'RO01TEST8712243875460969','2016-06-24 21:09:44','performance test','RO01TEST8712243875460969',3,2,7,0),(1282,1000,'RO01TEST8712243875460969','2016-06-24 21:09:44','performance test','RO01TEST8712243875460969',3,2,7,0),(1283,1000,'RO01TEST8712243875460969','2016-06-24 21:09:44','performance test','RO01TEST8712243875460969',3,2,7,0),(1284,1000,'RO01TEST8712243875460969','2016-06-24 21:09:44','performance test','RO01TEST8712243875460969',3,2,7,0),(1285,1000,'RO01TEST8712243875460969','2016-06-24 21:09:44','performance test','RO01TEST8712243875460969',3,2,7,0),(1286,1000,'RO01TEST8712243875460969','2016-06-24 21:09:44','performance test','RO01TEST8712243875460969',3,2,7,0),(1287,1000,'RO01TEST8712243875460969','2016-06-24 21:09:44','performance test','RO01TEST8712243875460969',3,2,7,0),(1288,1000,'RO01TEST8712243875460969','2016-06-24 21:09:44','performance test','RO01TEST8712243875460969',3,2,7,0),(1289,1000,'RO01TEST8712243875460969','2016-06-24 21:09:44','performance test','RO01TEST8712243875460969',3,2,7,0),(1290,1000,'RO01TEST8712243875460969','2016-06-24 21:09:44','performance test','RO01TEST8712243875460969',3,2,7,0),(1291,1000,'RO01TEST8712243875460969','2016-06-24 21:09:44','performance test','RO01TEST8712243875460969',3,2,7,0),(1292,1000,'RO01TEST8712243875460969','2016-06-24 21:09:44','performance test','RO01TEST8712243875460969',3,2,7,0),(1293,1000,'RO01TEST8712243875460969','2016-06-24 21:09:44','performance test','RO01TEST8712243875460969',3,2,7,0),(1294,1000,'RO01TEST8712243875460969','2016-06-24 21:09:44','performance test','RO01TEST8712243875460969',3,2,7,0),(1295,1000,'RO01TEST8712243875460969','2016-06-24 21:09:44','performance test','RO01TEST8712243875460969',3,2,7,0),(1296,1000,'RO01TEST8712243875460969','2016-06-24 21:09:44','performance test','RO01TEST8712243875460969',3,2,7,0),(1297,1000,'RO01TEST8712243875460969','2016-06-24 21:09:44','performance test','RO01TEST8712243875460969',3,2,7,0),(1298,1000,'RO01TEST8712243875460969','2016-06-24 21:09:44','performance test','RO01TEST8712243875460969',3,2,7,0),(1299,1000,'RO01TEST8712243875460969','2016-06-24 21:09:44','performance test','RO01TEST8712243875460969',3,2,7,0),(1300,1000,'RO01TEST8712243875460969','2016-06-24 21:09:44','performance test','RO01TEST8712243875460969',3,2,7,0),(1301,1000,'RO01TEST8712243875460969','2016-06-24 21:09:44','performance test','RO01TEST8712243875460969',3,2,7,0),(1302,1000,'RO01TEST8712243875460969','2016-06-24 21:09:44','performance test','RO01TEST8712243875460969',3,2,7,0),(1303,1000,'RO01TEST8712243875460969','2016-06-24 21:09:44','performance test','RO01TEST8712243875460969',3,2,7,0),(1304,1000,'RO01TEST8712243875460969','2016-06-24 21:09:44','performance test','RO01TEST8712243875460969',3,2,7,0),(1305,1000,'RO01TEST8712243875460969','2016-06-24 21:09:44','performance test','RO01TEST8712243875460969',3,2,7,0),(1306,1000,'RO01TEST8712243875460969','2016-06-24 21:09:44','performance test','RO01TEST8712243875460969',3,2,7,0),(1307,1000,'RO01TEST8712243875460969','2016-06-24 21:09:44','performance test','RO01TEST8712243875460969',3,2,7,0),(1308,1000,'RO01TEST8712243875460969','2016-06-24 21:09:44','performance test','RO01TEST8712243875460969',3,2,7,0),(1309,1000,'RO01TEST8712243875460969','2016-06-24 21:09:44','performance test','RO01TEST8712243875460969',3,2,7,0),(1310,1000,'RO01TEST8712243875460969','2016-06-24 21:09:44','performance test','RO01TEST8712243875460969',3,2,7,0),(1311,1000,'RO01TEST8712243875460969','2016-06-24 21:09:44','performance test','RO01TEST8712243875460969',3,2,7,0),(1312,1000,'RO01TEST8712243875460969','2016-06-24 21:09:44','performance test','RO01TEST8712243875460969',3,2,7,0),(1313,1000,'RO01TEST8712243875460969','2016-06-24 21:09:44','performance test','RO01TEST8712243875460969',3,2,7,0),(1314,1000,'RO01TEST8712243875460969','2016-06-24 21:09:44','performance test','RO01TEST8712243875460969',3,2,7,0),(1315,1000,'RO01TEST8712243875460969','2016-06-24 21:09:44','performance test','RO01TEST8712243875460969',3,2,7,0),(1316,1000,'RO01TEST8712243875460969','2016-06-24 21:09:44','performance test','RO01TEST8712243875460969',3,2,7,0),(1317,1000,'RO01TEST8712243875460969','2016-06-24 21:09:44','performance test','RO01TEST8712243875460969',3,2,7,0),(1318,1000,'RO01TEST8712243875460969','2016-06-24 21:09:44','performance test','RO01TEST8712243875460969',3,2,7,0),(1319,1000,'RO01TEST8712243875460969','2016-06-24 21:09:44','performance test','RO01TEST8712243875460969',3,2,7,0),(1320,1000,'RO01TEST8712243875460969','2016-06-24 21:09:44','performance test','RO01TEST8712243875460969',3,2,7,0),(1321,1000,'RO01TEST8712243875460969','2016-06-24 21:09:44','performance test','RO01TEST8712243875460969',3,2,7,0),(1322,1000,'RO01TEST8712243875460969','2016-06-24 21:09:44','performance test','RO01TEST8712243875460969',3,2,7,0),(1323,1000,'RO01TEST8712243875460969','2016-06-24 21:09:44','performance test','RO01TEST8712243875460969',3,2,7,0),(1324,1000,'RO01TEST8712243875460969','2016-06-24 21:09:44','performance test','RO01TEST8712243875460969',3,2,7,0),(1325,1000,'RO01TEST8712243875460969','2016-06-24 21:09:44','performance test','RO01TEST8712243875460969',3,2,7,0),(1326,1000,'RO01TEST8712243875460969','2016-06-24 21:09:44','performance test','RO01TEST8712243875460969',3,2,7,0),(1327,1000,'RO01TEST8712243875460969','2016-06-24 21:09:44','performance test','RO01TEST8712243875460969',3,2,7,0),(1328,1000,'RO01TEST8712243875460969','2016-06-24 21:09:44','performance test','RO01TEST8712243875460969',3,2,7,0),(1329,1000,'RO01TEST8712243875460969','2016-06-24 21:09:44','performance test','RO01TEST8712243875460969',3,2,7,0),(1330,1000,'RO01TEST8712243875460969','2016-06-24 21:09:44','performance test','RO01TEST8712243875460969',3,2,7,0),(1331,1000,'RO01TEST8712243875460969','2016-06-24 21:09:44','performance test','RO01TEST8712243875460969',3,2,7,0),(1332,1000,'RO01TEST8712243875460969','2016-06-24 21:09:44','performance test','RO01TEST8712243875460969',3,2,7,0),(1333,1000,'RO01TEST8712243875460969','2016-06-24 21:09:44','performance test','RO01TEST8712243875460969',3,2,7,0),(1334,1000,'RO01TEST8712243875460969','2016-06-24 21:09:44','performance test','RO01TEST8712243875460969',3,2,7,0),(1335,1000,'RO01TEST8712243875460969','2016-06-24 21:09:44','performance test','RO01TEST8712243875460969',3,2,7,0),(1336,1000,'RO01TEST8712243875460969','2016-06-24 21:09:44','performance test','RO01TEST8712243875460969',3,2,7,0),(1337,1000,'RO01TEST8712243875460969','2016-06-24 21:09:44','performance test','RO01TEST8712243875460969',3,2,7,0),(1338,1000,'RO01TEST8712243875460969','2016-06-24 21:09:44','performance test','RO01TEST8712243875460969',3,2,7,0),(1339,1000,'RO01TEST8712243875460969','2016-06-24 21:09:44','performance test','RO01TEST8712243875460969',3,2,7,0),(1340,1000,'RO01TEST8712243875460969','2016-06-24 21:09:44','performance test','RO01TEST8712243875460969',3,2,7,0),(1341,1000,'RO01TEST8712243875460969','2016-06-24 21:09:44','performance test','RO01TEST8712243875460969',3,2,7,0),(1342,1000,'RO01TEST8712243875460969','2016-06-24 21:09:44','performance test','RO01TEST8712243875460969',3,2,7,0),(1343,1000,'RO01TEST8712243875460969','2016-06-24 21:09:44','performance test','RO01TEST8712243875460969',3,2,7,0),(1344,1000,'RO01TEST8712243875460969','2016-06-24 21:09:44','performance test','RO01TEST8712243875460969',3,2,7,0),(1345,1000,'RO01TEST8712243875460969','2016-06-24 21:09:44','performance test','RO01TEST8712243875460969',3,2,7,0),(1346,1000,'RO01TEST8712243875460969','2016-06-24 21:09:44','performance test','RO01TEST8712243875460969',3,2,7,0),(1347,1000,'RO01TEST8712243875460969','2016-06-24 21:09:44','performance test','RO01TEST8712243875460969',3,2,7,0),(1348,1000,'RO01TEST8712243875460969','2016-06-24 21:09:44','performance test','RO01TEST8712243875460969',3,2,7,0),(1349,1000,'RO01TEST8712243875460969','2016-06-24 21:09:44','performance test','RO01TEST8712243875460969',3,2,7,0),(1350,1000,'RO01TEST8712243875460969','2016-06-24 21:09:44','performance test','RO01TEST8712243875460969',3,2,7,0),(1351,1000,'RO01TEST8712243875460969','2016-06-24 21:09:44','performance test','RO01TEST8712243875460969',3,2,7,0),(1352,1000,'RO01TEST8712243875460969','2016-06-24 21:09:44','performance test','RO01TEST8712243875460969',3,2,7,0),(1353,1000,'RO01TEST8712243875460969','2016-06-24 21:09:44','performance test','RO01TEST8712243875460969',3,2,7,0),(1354,1000,'RO01TEST8712243875460969','2016-06-24 21:09:44','performance test','RO01TEST8712243875460969',3,2,7,0),(1355,1000,'RO01TEST8712243875460969','2016-06-24 21:09:44','performance test','RO01TEST8712243875460969',3,2,7,0),(1356,1000,'RO01TEST8712243875460969','2016-06-24 21:09:44','performance test','RO01TEST8712243875460969',3,2,7,0),(1357,1000,'RO01TEST8712243875460969','2016-06-24 21:09:44','performance test','RO01TEST8712243875460969',3,2,7,0),(1358,1000,'RO01TEST8712243875460969','2016-06-24 21:09:44','performance test','RO01TEST8712243875460969',3,2,7,0),(1359,1000,'RO01TEST8712243875460969','2016-06-24 21:09:44','performance test','RO01TEST8712243875460969',3,2,7,0),(1360,1000,'RO01TEST8712243875460969','2016-06-24 21:09:44','performance test','RO01TEST8712243875460969',3,2,7,0),(1361,1000,'RO01TEST8712243875460969','2016-06-24 21:09:44','performance test','RO01TEST8712243875460969',3,2,7,0),(1362,1000,'RO01TEST8712243875460969','2016-06-24 21:09:44','performance test','RO01TEST8712243875460969',3,2,7,0),(1363,1000,'RO01TEST8712243875460969','2016-06-24 21:09:44','performance test','RO01TEST8712243875460969',3,2,7,0),(1364,1000,'RO01TEST8712243875460969','2016-06-24 21:09:44','performance test','RO01TEST8712243875460969',3,2,7,0),(1365,1000,'RO01TEST8712243875460969','2016-06-24 21:09:44','performance test','RO01TEST8712243875460969',3,2,7,0),(1366,1000,'RO01TEST8712243875460969','2016-06-24 21:09:44','performance test','RO01TEST8712243875460969',3,2,7,0),(1367,1000,'RO01TEST8712243875460969','2016-06-24 21:09:44','performance test','RO01TEST8712243875460969',3,2,7,0),(1368,1000,'RO01TEST8712243875460969','2016-06-24 21:09:44','performance test','RO01TEST8712243875460969',3,2,7,0),(1369,1000,'RO01TEST8712243875460969','2016-06-24 21:09:44','performance test','RO01TEST8712243875460969',3,2,7,0),(1370,1000,'RO01TEST8712243875460969','2016-06-24 21:09:44','performance test','RO01TEST8712243875460969',3,2,7,0),(1371,1000,'RO01TEST8712243875460969','2016-06-24 21:09:44','performance test','RO01TEST8712243875460969',3,2,7,0),(1372,1000,'RO01TEST8712243875460969','2016-06-24 21:09:44','performance test','RO01TEST8712243875460969',3,2,7,0),(1373,1000,'RO01TEST8712243875460969','2016-06-24 21:09:44','performance test','RO01TEST8712243875460969',3,2,7,0),(1374,1000,'RO01TEST8712243875460969','2016-06-24 21:09:44','performance test','RO01TEST8712243875460969',3,2,7,0),(1375,1000,'RO01TEST8712243875460969','2016-06-24 21:09:44','performance test','RO01TEST8712243875460969',3,2,7,0),(1376,1000,'RO01TEST8712243875460969','2016-06-24 21:09:44','performance test','RO01TEST8712243875460969',3,2,7,0),(1377,1000,'RO01TEST8712243875460969','2016-06-24 21:09:44','performance test','RO01TEST8712243875460969',3,2,7,0),(1378,1000,'RO01TEST8712243875460969','2016-06-24 21:09:44','performance test','RO01TEST8712243875460969',3,2,7,0),(1379,1000,'RO01TEST8712243875460969','2016-06-24 21:09:44','performance test','RO01TEST8712243875460969',3,2,7,0),(1380,1000,'RO01TEST8712243875460969','2016-06-24 21:09:44','performance test','RO01TEST8712243875460969',3,2,7,0),(1381,1000,'RO01TEST8712243875460969','2016-06-24 21:09:44','performance test','RO01TEST8712243875460969',3,2,7,0),(1382,1000,'RO01TEST8712243875460969','2016-06-24 21:09:44','performance test','RO01TEST8712243875460969',3,2,7,0),(1383,1000,'RO01TEST8712243875460969','2016-06-24 21:09:44','performance test','RO01TEST8712243875460969',3,2,7,0),(1384,1000,'RO01TEST8712243875460969','2016-06-24 21:09:44','performance test','RO01TEST8712243875460969',3,2,7,0),(1385,1000,'RO01TEST8712243875460969','2016-06-24 21:09:44','performance test','RO01TEST8712243875460969',3,2,7,0),(1386,1000,'RO01TEST8712243875460969','2016-06-24 21:09:44','performance test','RO01TEST8712243875460969',3,2,7,0),(1387,1000,'RO01TEST8712243875460969','2016-06-24 21:09:44','performance test','RO01TEST8712243875460969',3,2,7,0),(1388,1000,'RO01TEST8712243875460969','2016-06-24 21:09:44','performance test','RO01TEST8712243875460969',3,2,7,0),(1389,1000,'RO01TEST8712243875460969','2016-06-24 21:09:44','performance test','RO01TEST8712243875460969',3,2,7,0),(1390,1000,'RO01TEST8712243875460969','2016-06-24 21:09:44','performance test','RO01TEST8712243875460969',3,2,7,0),(1391,1000,'RO01TEST8712243875460969','2016-06-24 21:09:44','performance test','RO01TEST8712243875460969',3,2,7,0),(1392,1000,'RO01TEST8712243875460969','2016-06-24 21:09:44','performance test','RO01TEST8712243875460969',3,2,7,0),(1393,1000,'RO01TEST8712243875460969','2016-06-24 21:09:44','performance test','RO01TEST8712243875460969',3,2,7,0),(1394,1000,'RO01TEST8712243875460969','2016-06-24 21:09:44','performance test','RO01TEST8712243875460969',3,2,7,0),(1395,1000,'RO01TEST8712243875460969','2016-06-24 21:09:44','performance test','RO01TEST8712243875460969',3,2,7,0),(1396,1000,'RO01TEST8712243875460969','2016-06-24 21:09:44','performance test','RO01TEST8712243875460969',3,2,7,0),(1397,1000,'RO01TEST8712243875460969','2016-06-24 21:09:44','performance test','RO01TEST8712243875460969',3,2,7,0),(1398,1000,'RO01TEST8712243875460969','2016-06-24 21:09:44','performance test','RO01TEST8712243875460969',3,2,7,0),(1399,1000,'RO01TEST8712243875460969','2016-06-24 21:09:44','performance test','RO01TEST8712243875460969',3,2,7,0),(1400,1000,'RO01TEST8712243875460969','2016-06-24 21:09:44','performance test','RO01TEST8712243875460969',3,2,7,0),(1401,1000,'RO01TEST8712243875460969','2016-06-24 21:09:44','performance test','RO01TEST8712243875460969',3,2,7,0),(1402,1000,'RO01TEST8712243875460969','2016-06-24 21:09:44','performance test','RO01TEST8712243875460969',3,2,7,0),(1403,1000,'RO01TEST8712243875460969','2016-06-24 21:09:44','performance test','RO01TEST8712243875460969',3,2,7,0),(1404,1000,'RO01TEST8712243875460969','2016-06-24 21:09:44','performance test','RO01TEST8712243875460969',3,2,7,0),(1405,1000,'RO01TEST8712243875460969','2016-06-24 21:09:44','performance test','RO01TEST8712243875460969',3,2,7,0),(1406,1000,'RO01TEST8712243875460969','2016-06-24 21:09:44','performance test','RO01TEST8712243875460969',3,2,7,0),(1407,1000,'RO01TEST8712243875460969','2016-06-24 21:09:44','performance test','RO01TEST8712243875460969',3,2,7,0),(1408,1000,'RO01TEST8712243875460969','2016-06-24 21:09:44','performance test','RO01TEST8712243875460969',3,2,7,0),(1409,1000,'RO01TEST8712243875460969','2016-06-24 21:09:44','performance test','RO01TEST8712243875460969',3,2,7,0),(1410,1000,'RO01TEST8712243875460969','2016-06-24 21:09:44','performance test','RO01TEST8712243875460969',3,2,7,0),(1411,1000,'RO01TEST8712243875460969','2016-06-24 21:09:44','performance test','RO01TEST8712243875460969',3,2,7,0),(1412,1000,'RO01TEST8712243875460969','2016-06-24 21:09:44','performance test','RO01TEST8712243875460969',3,2,7,0),(1413,1000,'RO01TEST8712243875460969','2016-06-24 21:09:44','performance test','RO01TEST8712243875460969',3,2,7,0),(1414,1000,'RO01TEST8712243875460969','2016-06-24 21:09:44','performance test','RO01TEST8712243875460969',3,2,7,0),(1415,1000,'RO01TEST8712243875460969','2016-06-24 21:09:44','performance test','RO01TEST8712243875460969',3,2,7,0),(1416,1000,'RO01TEST8712243875460969','2016-06-24 21:09:44','performance test','RO01TEST8712243875460969',3,2,7,0),(1417,1000,'RO01TEST8712243875460969','2016-06-24 21:09:44','performance test','RO01TEST8712243875460969',3,2,7,0),(1418,1000,'RO01TEST8712243875460969','2016-06-24 21:09:44','performance test','RO01TEST8712243875460969',3,2,7,0),(1419,1000,'RO01TEST8712243875460969','2016-06-24 21:09:44','performance test','RO01TEST8712243875460969',3,2,7,0),(1420,1000,'RO01TEST8712243875460969','2016-06-24 21:09:44','performance test','RO01TEST8712243875460969',3,2,7,0),(1421,1000,'RO01TEST8712243875460969','2016-06-24 21:09:44','performance test','RO01TEST8712243875460969',3,2,7,0),(1422,1000,'RO01TEST8712243875460969','2016-06-24 21:09:44','performance test','RO01TEST8712243875460969',3,2,7,0),(1423,1000,'RO01TEST8712243875460969','2016-06-24 21:09:44','performance test','RO01TEST8712243875460969',3,2,7,0),(1424,1000,'RO01TEST8712243875460969','2016-06-24 21:09:44','performance test','RO01TEST8712243875460969',3,2,7,0),(1425,1000,'RO01TEST8712243875460969','2016-06-24 21:09:44','performance test','RO01TEST8712243875460969',3,2,7,0),(1426,1000,'RO01TEST8712243875460969','2016-06-24 21:09:44','performance test','RO01TEST8712243875460969',3,2,7,0),(1427,1000,'RO01TEST8712243875460969','2016-06-24 21:09:44','performance test','RO01TEST8712243875460969',3,2,7,0),(1428,1000,'RO01TEST8712243875460969','2016-06-24 21:09:44','performance test','RO01TEST8712243875460969',3,2,7,0),(1429,1000,'RO01TEST8712243875460969','2016-06-24 21:09:44','performance test','RO01TEST8712243875460969',3,2,7,0),(1430,1000,'RO01TEST8712243875460969','2016-06-24 21:09:44','performance test','RO01TEST8712243875460969',3,2,7,0),(1431,1000,'RO01TEST8712243875460969','2016-06-24 21:09:44','performance test','RO01TEST8712243875460969',3,2,7,0),(1432,1000,'RO01TEST8712243875460969','2016-06-24 21:09:44','performance test','RO01TEST8712243875460969',3,2,7,0),(1433,1000,'RO01TEST8712243875460969','2016-06-24 21:09:44','performance test','RO01TEST8712243875460969',3,2,7,0),(1434,1000,'RO01TEST8712243875460969','2016-06-24 21:09:44','performance test','RO01TEST8712243875460969',3,2,7,0),(1435,1000,'RO01TEST8712243875460969','2016-06-24 21:09:44','performance test','RO01TEST8712243875460969',3,2,7,0),(1436,1000,'RO01TEST8712243875460969','2016-06-24 21:09:44','performance test','RO01TEST8712243875460969',3,2,7,0),(1437,1000,'RO01TEST8712243875460969','2016-06-24 21:09:44','performance test','RO01TEST8712243875460969',3,2,7,0),(1438,1000,'RO01TEST8712243875460969','2016-06-24 21:09:44','performance test','RO01TEST8712243875460969',3,2,7,0),(1439,1000,'RO01TEST8712243875460969','2016-06-24 21:09:44','performance test','RO01TEST8712243875460969',3,2,7,0),(1440,1000,'RO01TEST8712243875460969','2016-06-24 21:09:44','performance test','RO01TEST8712243875460969',3,2,7,0),(1441,1000,'RO01TEST8712243875460969','2016-06-24 21:09:44','performance test','RO01TEST8712243875460969',3,2,7,0),(1442,1000,'RO01TEST8712243875460969','2016-06-24 21:09:44','performance test','RO01TEST8712243875460969',3,2,7,0),(1443,1000,'RO01TEST8712243875460969','2016-06-24 21:09:44','performance test','RO01TEST8712243875460969',3,2,7,0),(1444,1000,'RO01TEST8712243875460969','2016-06-24 21:09:44','performance test','RO01TEST8712243875460969',3,2,7,0),(1445,1000,'RO01TEST8712243875460969','2016-06-24 21:09:44','performance test','RO01TEST8712243875460969',3,2,7,0),(1446,1000,'RO01TEST8712243875460969','2016-06-24 21:09:44','performance test','RO01TEST8712243875460969',3,2,7,0),(1447,1000,'RO01TEST8712243875460969','2016-06-24 21:09:44','performance test','RO01TEST8712243875460969',3,2,7,0),(1448,1000,'RO01TEST8712243875460969','2016-06-24 21:09:44','performance test','RO01TEST8712243875460969',3,2,7,0),(1449,1000,'RO01TEST8712243875460969','2016-06-24 21:09:44','performance test','RO01TEST8712243875460969',3,2,7,0),(1450,1000,'RO01TEST8712243875460969','2016-06-24 21:09:44','performance test','RO01TEST8712243875460969',3,2,7,0),(1451,1000,'RO01TEST8712243875460969','2016-06-24 21:09:44','performance test','RO01TEST8712243875460969',3,2,7,0),(1452,1000,'RO01TEST8712243875460969','2016-06-24 21:09:44','performance test','RO01TEST8712243875460969',3,2,7,0),(1453,1000,'RO01TEST8712243875460969','2016-06-24 21:09:44','performance test','RO01TEST8712243875460969',3,2,7,0),(1454,1000,'RO01TEST8712243875460969','2016-06-24 21:09:44','performance test','RO01TEST8712243875460969',3,2,7,0),(1455,1000,'RO01TEST8712243875460969','2016-06-24 21:09:44','performance test','RO01TEST8712243875460969',3,2,7,0),(1456,1000,'RO01TEST8712243875460969','2016-06-24 21:09:44','performance test','RO01TEST8712243875460969',3,2,7,0),(1457,1000,'RO01TEST8712243875460969','2016-06-24 21:09:44','performance test','RO01TEST8712243875460969',3,2,7,0),(1458,1000,'RO01TEST8712243875460969','2016-06-24 21:09:44','performance test','RO01TEST8712243875460969',3,2,7,0),(1459,1000,'RO01TEST8712243875460969','2016-06-24 21:09:44','performance test','RO01TEST8712243875460969',3,2,7,0),(1460,1000,'RO01TEST8712243875460969','2016-06-24 21:09:44','performance test','RO01TEST8712243875460969',3,2,7,0),(1461,1000,'RO01TEST8712243875460969','2016-06-24 21:09:44','performance test','RO01TEST8712243875460969',3,2,7,0),(1462,1000,'RO01TEST8712243875460969','2016-06-24 21:09:44','performance test','RO01TEST8712243875460969',3,2,7,0),(1463,1000,'RO01TEST8712243875460969','2016-06-24 21:09:44','performance test','RO01TEST8712243875460969',3,2,7,0),(1464,1000,'RO01TEST8712243875460969','2016-06-24 21:09:44','performance test','RO01TEST8712243875460969',3,2,7,0),(1465,1000,'RO01TEST8712243875460969','2016-06-24 21:09:44','performance test','RO01TEST8712243875460969',3,2,7,0),(1466,1000,'RO01TEST8712243875460969','2016-06-24 21:09:44','performance test','RO01TEST8712243875460969',3,2,7,0),(1467,1000,'RO01TEST8712243875460969','2016-06-24 21:09:44','performance test','RO01TEST8712243875460969',3,2,7,0),(1468,1000,'RO01TEST8712243875460969','2016-06-24 21:09:44','performance test','RO01TEST8712243875460969',3,2,7,0),(1469,1000,'RO01TEST8712243875460969','2016-06-24 21:09:44','performance test','RO01TEST8712243875460969',3,2,7,0),(1470,1000,'RO01TEST8712243875460969','2016-06-24 21:09:44','performance test','RO01TEST8712243875460969',3,2,7,0),(1471,1000,'RO01TEST8712243875460969','2016-06-24 21:09:44','performance test','RO01TEST8712243875460969',3,2,7,0),(1472,1000,'RO01TEST8712243875460969','2016-06-24 21:09:44','performance test','RO01TEST8712243875460969',3,2,7,0),(1473,1000,'RO01TEST8712243875460969','2016-06-24 21:09:44','performance test','RO01TEST8712243875460969',3,2,7,0),(1474,1000,'RO01TEST8712243875460969','2016-06-24 21:09:44','performance test','RO01TEST8712243875460969',3,2,7,0),(1475,1000,'RO01TEST8712243875460969','2016-06-24 21:09:44','performance test','RO01TEST8712243875460969',3,2,7,0),(1476,1000,'RO01TEST8712243875460969','2016-06-24 21:09:44','performance test','RO01TEST8712243875460969',3,2,7,0),(1477,1000,'RO01TEST8712243875460969','2016-06-24 21:09:44','performance test','RO01TEST8712243875460969',3,2,7,0),(1478,1000,'RO01TEST8712243875460969','2016-06-24 21:09:44','performance test','RO01TEST8712243875460969',3,2,7,0),(1479,1000,'RO01TEST8712243875460969','2016-06-24 21:09:44','performance test','RO01TEST8712243875460969',3,2,7,0),(1480,1000,'RO01TEST8712243875460969','2016-06-24 21:09:44','performance test','RO01TEST8712243875460969',3,2,7,0),(1481,1000,'RO01TEST8712243875460969','2016-06-24 21:09:44','performance test','RO01TEST8712243875460969',3,2,7,0),(1482,1000,'RO01TEST8712243875460969','2016-06-24 21:09:44','performance test','RO01TEST8712243875460969',3,2,7,0),(1483,1000,'RO01TEST8712243875460969','2016-06-24 21:09:44','performance test','RO01TEST8712243875460969',3,2,7,0),(1484,1000,'RO01TEST8712243875460969','2016-06-24 21:09:44','performance test','RO01TEST8712243875460969',3,2,7,0),(1485,1000,'RO01TEST8712243875460969','2016-06-24 21:09:44','performance test','RO01TEST8712243875460969',3,2,7,0),(1486,1000,'RO01TEST8712243875460969','2016-06-24 21:09:44','performance test','RO01TEST8712243875460969',3,2,7,0),(1487,1000,'RO01TEST8712243875460969','2016-06-24 21:09:44','performance test','RO01TEST8712243875460969',3,2,7,0),(1488,1000,'RO01TEST8712243875460969','2016-06-24 21:09:44','performance test','RO01TEST8712243875460969',3,2,7,0),(1489,1000,'RO01TEST8712243875460969','2016-06-24 21:09:44','performance test','RO01TEST8712243875460969',3,2,7,0),(1490,1000,'RO01TEST8712243875460969','2016-06-24 21:09:44','performance test','RO01TEST8712243875460969',3,2,7,0),(1491,1000,'RO01TEST8712243875460969','2016-06-24 21:09:44','performance test','RO01TEST8712243875460969',3,2,7,0),(1492,1000,'RO01TEST8712243875460969','2016-06-24 21:09:44','performance test','RO01TEST8712243875460969',3,2,7,0),(1493,1000,'RO01TEST8712243875460969','2016-06-24 21:09:44','performance test','RO01TEST8712243875460969',3,2,7,0),(1494,1000,'RO01TEST8712243875460969','2016-06-24 21:09:44','performance test','RO01TEST8712243875460969',3,2,7,0),(1495,1000,'RO01TEST8712243875460969','2016-06-24 21:09:44','performance test','RO01TEST8712243875460969',3,2,7,0),(1496,1000,'RO01TEST8712243875460969','2016-06-24 21:09:44','performance test','RO01TEST8712243875460969',3,2,7,0),(1497,1000,'RO01TEST8712243875460969','2016-06-24 21:09:44','performance test','RO01TEST8712243875460969',3,2,7,0),(1498,1000,'RO01TEST8712243875460969','2016-06-24 21:09:44','performance test','RO01TEST8712243875460969',3,2,7,0),(1499,1000,'RO01TEST8712243875460969','2016-06-24 21:09:44','performance test','RO01TEST8712243875460969',3,2,7,0),(1500,1000,'RO01TEST8712243875460969','2016-06-24 21:09:44','performance test','RO01TEST8712243875460969',3,2,7,0),(1501,1000,'RO01TEST8712243875460969','2016-06-24 21:09:44','performance test','RO01TEST8712243875460969',3,2,7,0),(1502,1000,'RO01TEST8712243875460969','2016-06-24 21:09:44','performance test','RO01TEST8712243875460969',3,2,7,0),(1503,1000,'RO01TEST8712243875460969','2016-06-24 21:09:44','performance test','RO01TEST8712243875460969',3,2,7,0),(1504,1000,'RO01TEST8712243875460969','2016-06-24 21:09:44','performance test','RO01TEST8712243875460969',3,2,7,0),(1505,1000,'RO01TEST8712243875460969','2016-06-24 21:09:44','performance test','RO01TEST8712243875460969',3,2,7,0),(1506,1000,'RO01TEST8712243875460969','2016-06-24 21:09:44','performance test','RO01TEST8712243875460969',3,2,7,0),(1507,1000,'RO01TEST8712243875460969','2016-06-24 21:09:44','performance test','RO01TEST8712243875460969',3,2,7,0),(1508,1000,'RO01TEST8712243875460969','2016-06-24 21:09:44','performance test','RO01TEST8712243875460969',3,2,7,0),(1509,1000,'RO01TEST8712243875460969','2016-06-24 21:09:44','performance test','RO01TEST8712243875460969',3,2,7,0),(1510,1000,'RO01TEST8712243875460969','2016-06-24 21:09:44','performance test','RO01TEST8712243875460969',3,2,7,0),(1511,1000,'RO01TEST8712243875460969','2016-06-24 21:09:44','performance test','RO01TEST8712243875460969',3,2,7,0),(1512,1000,'RO01TEST8712243875460969','2016-06-24 21:09:44','performance test','RO01TEST8712243875460969',3,2,7,0),(1513,1000,'RO01TEST8712243875460969','2016-06-24 21:09:44','performance test','RO01TEST8712243875460969',3,2,7,0),(1514,1000,'RO01TEST8712243875460969','2016-06-24 21:09:44','performance test','RO01TEST8712243875460969',3,2,7,0),(1515,1000,'RO01TEST8712243875460969','2016-06-24 21:09:44','performance test','RO01TEST8712243875460969',3,2,7,0),(1516,1000,'RO01TEST8712243875460969','2016-06-24 21:09:44','performance test','RO01TEST8712243875460969',3,2,7,0),(1517,1000,'RO01TEST8712243875460969','2016-06-24 21:09:44','performance test','RO01TEST8712243875460969',3,2,7,0),(1518,1000,'RO01TEST8712243875460969','2016-06-24 21:09:44','performance test','RO01TEST8712243875460969',3,2,7,0),(1519,1000,'RO01TEST8712243875460969','2016-06-24 21:09:44','performance test','RO01TEST8712243875460969',3,2,7,0),(1520,1000,'RO01TEST8712243875460969','2016-06-24 21:09:44','performance test','RO01TEST8712243875460969',3,2,7,0),(1521,1000,'RO01TEST8712243875460969','2016-06-24 21:09:44','performance test','RO01TEST8712243875460969',3,2,7,0),(1522,1000,'RO01TEST8712243875460969','2016-06-24 21:09:44','performance test','RO01TEST8712243875460969',3,2,7,0),(1523,1000,'RO01TEST8712243875460969','2016-06-24 21:09:44','performance test','RO01TEST8712243875460969',3,2,7,0),(1524,1000,'RO01TEST8712243875460969','2016-06-24 21:09:44','performance test','RO01TEST8712243875460969',3,2,7,0),(1525,1000,'RO01TEST8712243875460969','2016-06-24 21:09:44','performance test','RO01TEST8712243875460969',3,2,7,0),(1526,1000,'RO01TEST8712243875460969','2016-06-24 21:09:44','performance test','RO01TEST8712243875460969',3,2,7,0),(1527,1000,'RO01TEST8712243875460969','2016-06-24 21:09:44','performance test','RO01TEST8712243875460969',3,2,7,0),(1528,1000,'RO01TEST8712243875460969','2016-06-24 21:09:44','performance test','RO01TEST8712243875460969',3,2,7,0),(1529,1000,'RO01TEST8712243875460969','2016-06-24 21:09:44','performance test','RO01TEST8712243875460969',3,2,7,0),(1530,1000,'RO01TEST8712243875460969','2016-06-24 21:09:44','performance test','RO01TEST8712243875460969',3,2,7,0),(1531,1000,'RO01TEST8712243875460969','2016-06-24 21:09:44','performance test','RO01TEST8712243875460969',3,2,7,0),(1532,1000,'RO01TEST8712243875460969','2016-06-24 21:09:44','performance test','RO01TEST8712243875460969',3,2,7,0),(1533,1000,'RO01TEST8712243875460969','2016-06-24 21:09:44','performance test','RO01TEST8712243875460969',3,2,7,0),(1534,1000,'RO01TEST8712243875460969','2016-06-24 21:09:44','performance test','RO01TEST8712243875460969',3,2,7,0),(1535,1000,'RO01TEST8712243875460969','2016-06-24 21:09:44','performance test','RO01TEST8712243875460969',3,2,7,0),(1536,1000,'RO01TEST8712243875460969','2016-06-24 21:09:44','performance test','RO01TEST8712243875460969',3,2,7,0),(1537,1000,'RO01TEST8712243875460969','2016-06-24 21:09:44','performance test','RO01TEST8712243875460969',3,2,7,0),(1538,1000,'RO01TEST8712243875460969','2016-06-24 21:09:44','performance test','RO01TEST8712243875460969',3,2,7,0),(1539,1000,'RO01TEST8712243875460969','2016-06-24 21:09:44','performance test','RO01TEST8712243875460969',3,2,7,0),(1540,1000,'RO01TEST8712243875460969','2016-06-24 21:09:44','performance test','RO01TEST8712243875460969',3,2,7,0),(1541,1000,'RO01TEST8712243875460969','2016-06-24 21:09:44','performance test','RO01TEST8712243875460969',3,2,7,0),(1542,1000,'RO01TEST8712243875460969','2016-06-24 21:09:44','performance test','RO01TEST8712243875460969',3,2,7,0),(1543,1000,'RO01TEST8712243875460969','2016-06-24 21:09:44','performance test','RO01TEST8712243875460969',3,2,7,0),(1544,1000,'RO01TEST8712243875460969','2016-06-24 21:09:44','performance test','RO01TEST8712243875460969',3,2,7,0),(1545,1000,'RO01TEST8712243875460969','2016-06-24 21:09:44','performance test','RO01TEST8712243875460969',3,2,7,0),(1546,1000,'RO01TEST8712243875460969','2016-06-24 21:09:44','performance test','RO01TEST8712243875460969',3,2,7,0),(1547,1000,'RO01TEST8712243875460969','2016-06-24 21:09:44','performance test','RO01TEST8712243875460969',3,2,7,0),(1548,1000,'RO01TEST8712243875460969','2016-06-24 21:09:44','performance test','RO01TEST8712243875460969',3,2,7,0),(1549,1000,'RO01TEST8712243875460969','2016-06-24 21:09:44','performance test','RO01TEST8712243875460969',3,2,7,0),(1550,1000,'RO01TEST8712243875460969','2016-06-24 21:09:44','performance test','RO01TEST8712243875460969',3,2,7,0),(1551,1000,'RO01TEST8712243875460969','2016-06-24 21:09:44','performance test','RO01TEST8712243875460969',3,2,7,0),(1552,1000,'RO01TEST8712243875460969','2016-06-24 21:09:44','performance test','RO01TEST8712243875460969',3,2,7,0),(1553,1000,'RO01TEST8712243875460969','2016-06-24 21:09:44','performance test','RO01TEST8712243875460969',3,2,7,0),(1554,1000,'RO01TEST8712243875460969','2016-06-24 21:09:44','performance test','RO01TEST8712243875460969',3,2,7,0),(1555,1000,'RO01TEST8712243875460969','2016-06-24 21:09:44','performance test','RO01TEST8712243875460969',3,2,7,0),(1556,1000,'RO01TEST8712243875460969','2016-06-24 21:09:44','performance test','RO01TEST8712243875460969',3,2,7,0),(1557,1000,'RO01TEST8712243875460969','2016-06-24 21:09:44','performance test','RO01TEST8712243875460969',3,2,7,0),(1558,1000,'RO01TEST8712243875460969','2016-06-24 21:09:44','performance test','RO01TEST8712243875460969',3,2,7,0),(1559,1000,'RO01TEST8712243875460969','2016-06-24 21:09:44','performance test','RO01TEST8712243875460969',3,2,7,0),(1560,1000,'RO01TEST8712243875460969','2016-06-24 21:09:44','performance test','RO01TEST8712243875460969',3,2,7,0),(1561,1000,'RO01TEST8712243875460969','2016-06-24 21:09:44','performance test','RO01TEST8712243875460969',3,2,7,0),(1562,1000,'RO01TEST8712243875460969','2016-06-24 21:09:44','performance test','RO01TEST8712243875460969',3,2,7,0),(1563,1000,'RO01TEST8712243875460969','2016-06-24 21:09:44','performance test','RO01TEST8712243875460969',3,2,7,0),(1564,1000,'RO01TEST8712243875460969','2016-06-24 21:09:44','performance test','RO01TEST8712243875460969',3,2,7,0),(1565,1000,'RO01TEST8712243875460969','2016-06-24 21:09:44','performance test','RO01TEST8712243875460969',3,2,7,0),(1566,1000,'RO01TEST8712243875460969','2016-06-24 21:09:44','performance test','RO01TEST8712243875460969',3,2,7,0),(1567,1000,'RO01TEST8712243875460969','2016-06-24 21:09:44','performance test','RO01TEST8712243875460969',3,2,7,0),(1568,1000,'RO01TEST8712243875460969','2016-06-24 21:09:44','performance test','RO01TEST8712243875460969',3,2,7,0),(1569,1000,'RO01TEST8712243875460969','2016-06-24 21:09:44','performance test','RO01TEST8712243875460969',3,2,7,0),(1570,1000,'RO01TEST8712243875460969','2016-06-24 21:09:44','performance test','RO01TEST8712243875460969',3,2,7,0),(1571,1000,'RO01TEST8712243875460969','2016-06-24 21:09:44','performance test','RO01TEST8712243875460969',3,2,7,0),(1572,1000,'RO01TEST8712243875460969','2016-06-24 21:09:44','performance test','RO01TEST8712243875460969',3,2,7,0),(1573,1000,'RO01TEST8712243875460969','2016-06-24 21:09:44','performance test','RO01TEST8712243875460969',3,2,7,0),(1574,1000,'RO01TEST8712243875460969','2016-06-24 21:09:44','performance test','RO01TEST8712243875460969',3,2,7,0),(1575,1000,'RO01TEST8712243875460969','2016-06-24 21:09:44','performance test','RO01TEST8712243875460969',3,2,7,0),(1576,1000,'RO01TEST8712243875460969','2016-06-24 21:09:44','performance test','RO01TEST8712243875460969',3,2,7,0),(1577,1000,'RO01TEST8712243875460969','2016-06-24 21:09:44','performance test','RO01TEST8712243875460969',3,2,7,0),(1578,1000,'RO01TEST8712243875460969','2016-06-24 21:09:44','performance test','RO01TEST8712243875460969',3,2,7,0),(1579,1000,'RO01TEST8712243875460969','2016-06-24 21:09:44','performance test','RO01TEST8712243875460969',3,2,7,0),(1580,1000,'RO01TEST8712243875460969','2016-06-24 21:09:44','performance test','RO01TEST8712243875460969',3,2,7,0),(1581,1000,'RO01TEST8712243875460969','2016-06-24 21:09:44','performance test','RO01TEST8712243875460969',3,2,7,0),(1582,1000,'RO01TEST8712243875460969','2016-06-24 21:09:44','performance test','RO01TEST8712243875460969',3,2,7,0),(1583,1000,'RO01TEST8712243875460969','2016-06-24 21:09:44','performance test','RO01TEST8712243875460969',3,2,7,0),(1584,1000,'RO01TEST8712243875460969','2016-06-24 21:09:44','performance test','RO01TEST8712243875460969',3,2,7,0),(1585,1000,'RO01TEST8712243875460969','2016-06-24 21:09:44','performance test','RO01TEST8712243875460969',3,2,7,0),(1586,1000,'RO01TEST8712243875460969','2016-06-24 21:09:44','performance test','RO01TEST8712243875460969',3,2,7,0),(1587,1000,'RO01TEST8712243875460969','2016-06-24 21:09:44','performance test','RO01TEST8712243875460969',3,2,7,0),(1588,1000,'RO01TEST8712243875460969','2016-06-24 21:09:44','performance test','RO01TEST8712243875460969',3,2,7,0),(1589,1000,'RO01TEST8712243875460969','2016-06-24 21:09:44','performance test','RO01TEST8712243875460969',3,2,7,0),(1590,1000,'RO01TEST8712243875460969','2016-06-24 21:09:44','performance test','RO01TEST8712243875460969',3,2,7,0),(1591,1000,'RO01TEST8712243875460969','2016-06-24 21:09:44','performance test','RO01TEST8712243875460969',3,2,7,0),(1592,1000,'RO01TEST8712243875460969','2016-06-24 21:09:44','performance test','RO01TEST8712243875460969',3,2,7,0),(1593,1000,'RO01TEST8712243875460969','2016-06-24 21:09:44','performance test','RO01TEST8712243875460969',3,2,7,0),(1594,1000,'RO01TEST8712243875460969','2016-06-24 21:09:44','performance test','RO01TEST8712243875460969',3,2,7,0),(1595,1000,'RO01TEST8712243875460969','2016-06-24 21:09:44','performance test','RO01TEST8712243875460969',3,2,7,0),(1596,1000,'RO01TEST8712243875460969','2016-06-24 21:09:44','performance test','RO01TEST8712243875460969',3,2,7,0),(1597,1000,'RO01TEST8712243875460969','2016-06-24 21:09:44','performance test','RO01TEST8712243875460969',3,2,7,0),(1598,1000,'RO01TEST8712243875460969','2016-06-24 21:09:44','performance test','RO01TEST8712243875460969',3,2,7,0),(1599,1000,'RO01TEST8712243875460969','2016-06-24 21:09:44','performance test','RO01TEST8712243875460969',3,2,7,0),(1600,1000,'RO01TEST8712243875460969','2016-06-24 21:09:44','performance test','RO01TEST8712243875460969',3,2,7,0),(1601,1000,'RO01TEST8712243875460969','2016-06-24 21:09:44','performance test','RO01TEST8712243875460969',3,2,7,0),(1602,1000,'RO01TEST8712243875460969','2016-06-24 21:09:44','performance test','RO01TEST8712243875460969',3,2,7,0),(1603,1000,'RO01TEST8712243875460969','2016-06-24 21:09:44','performance test','RO01TEST8712243875460969',3,2,7,0),(1604,1000,'RO01TEST8712243875460969','2016-06-24 21:09:44','performance test','RO01TEST8712243875460969',3,2,7,0),(1605,1000,'RO01TEST8712243875460969','2016-06-24 21:09:44','performance test','RO01TEST8712243875460969',3,2,7,0),(1606,1000,'RO01TEST8712243875460969','2016-06-24 21:09:44','performance test','RO01TEST8712243875460969',3,2,7,0),(1607,1000,'RO01TEST8712243875460969','2016-06-24 21:09:44','performance test','RO01TEST8712243875460969',3,2,7,0),(1608,1000,'RO01TEST8712243875460969','2016-06-24 21:09:44','performance test','RO01TEST8712243875460969',3,2,7,0),(1609,1000,'RO01TEST8712243875460969','2016-06-24 21:09:44','performance test','RO01TEST8712243875460969',3,2,7,0),(1610,1000,'RO01TEST8712243875460969','2016-06-24 21:09:44','performance test','RO01TEST8712243875460969',3,2,7,0),(1611,1000,'RO01TEST8712243875460969','2016-06-24 21:09:44','performance test','RO01TEST8712243875460969',3,2,7,0),(1612,1000,'RO01TEST8712243875460969','2016-06-24 21:09:44','performance test','RO01TEST8712243875460969',3,2,7,0),(1613,1000,'RO01TEST8712243875460969','2016-06-24 21:09:44','performance test','RO01TEST8712243875460969',3,2,7,0),(1614,1000,'RO01TEST8712243875460969','2016-06-24 21:09:44','performance test','RO01TEST8712243875460969',3,2,7,0),(1615,1000,'RO01TEST8712243875460969','2016-06-24 21:09:44','performance test','RO01TEST8712243875460969',3,2,7,0),(1616,1000,'RO01TEST8712243875460969','2016-06-24 21:09:44','performance test','RO01TEST8712243875460969',3,2,7,0),(1617,1000,'RO01TEST8712243875460969','2016-06-24 21:09:44','performance test','RO01TEST8712243875460969',3,2,7,0),(1618,1000,'RO01TEST8712243875460969','2016-06-24 21:09:44','performance test','RO01TEST8712243875460969',3,2,7,0),(1619,1000,'RO01TEST8712243875460969','2016-06-24 21:09:44','performance test','RO01TEST8712243875460969',3,2,7,0),(1620,1000,'RO01TEST8712243875460969','2016-06-24 21:09:44','performance test','RO01TEST8712243875460969',3,2,7,0),(1621,1000,'RO01TEST8712243875460969','2016-06-24 21:09:44','performance test','RO01TEST8712243875460969',3,2,7,0),(1622,1000,'RO01TEST8712243875460969','2016-06-24 21:09:44','performance test','RO01TEST8712243875460969',3,2,7,0),(1623,1000,'RO01TEST8712243875460969','2016-06-24 21:09:44','performance test','RO01TEST8712243875460969',3,2,7,0),(1624,1000,'RO01TEST8712243875460969','2016-06-24 21:09:44','performance test','RO01TEST8712243875460969',3,2,7,0),(1625,1000,'RO01TEST8712243875460969','2016-06-24 21:09:44','performance test','RO01TEST8712243875460969',3,2,7,0),(1626,1000,'RO01TEST8712243875460969','2016-06-24 21:09:44','performance test','RO01TEST8712243875460969',3,2,7,0),(1627,1000,'RO01TEST8712243875460969','2016-06-24 21:09:44','performance test','RO01TEST8712243875460969',3,2,7,0),(1628,1000,'RO01TEST8712243875460969','2016-06-24 21:09:44','performance test','RO01TEST8712243875460969',3,2,7,0),(1629,1000,'RO01TEST8712243875460969','2016-06-24 21:09:44','performance test','RO01TEST8712243875460969',3,2,7,0),(1630,1000,'RO01TEST8712243875460969','2016-06-24 21:09:44','performance test','RO01TEST8712243875460969',3,2,7,0),(1631,1000,'RO01TEST8712243875460969','2016-06-24 21:09:44','performance test','RO01TEST8712243875460969',3,2,7,0),(1632,1000,'RO01TEST8712243875460969','2016-06-24 21:09:44','performance test','RO01TEST8712243875460969',3,2,7,0),(1633,1000,'RO01TEST8712243875460969','2016-06-24 21:09:44','performance test','RO01TEST8712243875460969',3,2,7,0),(1634,1000,'RO01TEST8712243875460969','2016-06-24 21:09:44','performance test','RO01TEST8712243875460969',3,2,7,0),(1635,1000,'RO01TEST8712243875460969','2016-06-24 21:09:44','performance test','RO01TEST8712243875460969',3,2,7,0),(1636,1000,'RO01TEST8712243875460969','2016-06-24 21:09:44','performance test','RO01TEST8712243875460969',3,2,7,0),(1637,1000,'RO01TEST8712243875460969','2016-06-24 21:09:44','performance test','RO01TEST8712243875460969',3,2,7,0),(1638,1000,'RO01TEST8712243875460969','2016-06-24 21:09:44','performance test','RO01TEST8712243875460969',3,2,7,0),(1639,1000,'RO01TEST8712243875460969','2016-06-24 21:09:44','performance test','RO01TEST8712243875460969',3,2,7,0),(1640,1000,'RO01TEST8712243875460969','2016-06-24 21:09:44','performance test','RO01TEST8712243875460969',3,2,7,0),(1641,1000,'RO01TEST8712243875460969','2016-06-24 21:09:44','performance test','RO01TEST8712243875460969',3,2,7,0),(1642,1000,'RO01TEST8712243875460969','2016-06-24 21:09:44','performance test','RO01TEST8712243875460969',3,2,7,0),(1643,1000,'RO01TEST8712243875460969','2016-06-24 21:09:44','performance test','RO01TEST8712243875460969',3,2,7,0),(1644,1000,'RO01TEST8712243875460969','2016-06-24 21:09:44','performance test','RO01TEST8712243875460969',3,2,7,0),(1645,1000,'RO01TEST8712243875460969','2016-06-24 21:09:44','performance test','RO01TEST8712243875460969',3,2,7,0),(1646,1000,'RO01TEST8712243875460969','2016-06-24 21:09:44','performance test','RO01TEST8712243875460969',3,2,7,0),(1647,1000,'RO01TEST8712243875460969','2016-06-24 21:09:44','performance test','RO01TEST8712243875460969',3,2,7,0),(1648,1000,'RO01TEST8712243875460969','2016-06-24 21:09:44','performance test','RO01TEST8712243875460969',3,2,7,0),(1649,1000,'RO01TEST8712243875460969','2016-06-24 21:09:44','performance test','RO01TEST8712243875460969',3,2,7,0),(1650,1000,'RO01TEST8712243875460969','2016-06-24 21:09:44','performance test','RO01TEST8712243875460969',3,2,7,0),(1651,1000,'RO01TEST8712243875460969','2016-06-24 21:09:44','performance test','RO01TEST8712243875460969',3,2,7,0),(1652,1000,'RO01TEST8712243875460969','2016-06-24 21:09:44','performance test','RO01TEST8712243875460969',3,2,7,0),(1653,1000,'RO01TEST8712243875460969','2016-06-24 21:09:44','performance test','RO01TEST8712243875460969',3,2,7,0),(1654,1000,'RO01TEST8712243875460969','2016-06-24 21:09:44','performance test','RO01TEST8712243875460969',3,2,7,0),(1655,1000,'RO01TEST8712243875460969','2016-06-24 21:09:44','performance test','RO01TEST8712243875460969',3,2,7,0),(1656,1000,'RO01TEST8712243875460969','2016-06-24 21:09:44','performance test','RO01TEST8712243875460969',3,2,7,0),(1657,1000,'RO01TEST8712243875460969','2016-06-24 21:09:44','performance test','RO01TEST8712243875460969',3,2,7,0),(1658,1000,'RO01TEST8712243875460969','2016-06-24 21:09:44','performance test','RO01TEST8712243875460969',3,2,7,0),(1659,1000,'RO01TEST8712243875460969','2016-06-24 21:09:44','performance test','RO01TEST8712243875460969',3,2,7,0),(1660,1000,'RO01TEST8712243875460969','2016-06-24 21:09:44','performance test','RO01TEST8712243875460969',3,2,7,0),(1661,1000,'RO01TEST8712243875460969','2016-06-24 21:09:44','performance test','RO01TEST8712243875460969',3,2,7,0),(1662,1000,'RO01TEST8712243875460969','2016-06-24 21:09:44','performance test','RO01TEST8712243875460969',3,2,7,0),(1663,1000,'RO01TEST8712243875460969','2016-06-24 21:09:44','performance test','RO01TEST8712243875460969',3,2,7,0),(1664,1000,'RO01TEST8712243875460969','2016-06-24 21:09:44','performance test','RO01TEST8712243875460969',3,2,7,0),(1665,1000,'RO01TEST8712243875460969','2016-06-24 21:09:44','performance test','RO01TEST8712243875460969',3,2,7,0),(1666,1000,'RO01TEST8712243875460969','2016-06-24 21:09:44','performance test','RO01TEST8712243875460969',3,2,7,0),(1667,1000,'RO01TEST8712243875460969','2016-06-24 21:09:44','performance test','RO01TEST8712243875460969',3,2,7,0),(1668,1000,'RO01TEST8712243875460969','2016-06-24 21:09:44','performance test','RO01TEST8712243875460969',3,2,7,0),(1669,1000,'RO01TEST8712243875460969','2016-06-24 21:09:44','performance test','RO01TEST8712243875460969',3,2,7,0),(1670,1000,'RO01TEST8712243875460969','2016-06-24 21:09:44','performance test','RO01TEST8712243875460969',3,2,7,0),(1671,1000,'RO01TEST8712243875460969','2016-06-24 21:09:44','performance test','RO01TEST8712243875460969',3,2,7,0),(1672,1000,'RO01TEST8712243875460969','2016-06-24 21:09:44','performance test','RO01TEST8712243875460969',3,2,7,0),(1673,1000,'RO01TEST8712243875460969','2016-06-24 21:09:44','performance test','RO01TEST8712243875460969',3,2,7,0),(1674,1000,'RO01TEST8712243875460969','2016-06-24 21:09:44','performance test','RO01TEST8712243875460969',3,2,7,0),(1675,1000,'RO01TEST8712243875460969','2016-06-24 21:09:44','performance test','RO01TEST8712243875460969',3,2,7,0),(1676,1000,'RO01TEST8712243875460969','2016-06-24 21:09:44','performance test','RO01TEST8712243875460969',3,2,7,0),(1677,1000,'RO01TEST8712243875460969','2016-06-24 21:09:44','performance test','RO01TEST8712243875460969',3,2,7,0),(1678,1000,'RO01TEST8712243875460969','2016-06-24 21:09:44','performance test','RO01TEST8712243875460969',3,2,7,0),(1679,1000,'RO01TEST8712243875460969','2016-06-24 21:09:44','performance test','RO01TEST8712243875460969',3,2,7,0),(1680,1000,'RO01TEST8712243875460969','2016-06-24 21:09:44','performance test','RO01TEST8712243875460969',3,2,7,0),(1681,1000,'RO01TEST8712243875460969','2016-06-24 21:09:44','performance test','RO01TEST8712243875460969',3,2,7,0),(1682,1000,'RO01TEST8712243875460969','2016-06-24 21:09:44','performance test','RO01TEST8712243875460969',3,2,7,0),(1683,1000,'RO01TEST8712243875460969','2016-06-24 21:09:44','performance test','RO01TEST8712243875460969',3,2,7,0),(1684,1000,'RO01TEST8712243875460969','2016-06-24 21:09:44','performance test','RO01TEST8712243875460969',3,2,7,0),(1685,1000,'RO01TEST8712243875460969','2016-06-24 21:09:44','performance test','RO01TEST8712243875460969',3,2,7,0),(1686,1000,'RO01TEST8712243875460969','2016-06-24 21:09:44','performance test','RO01TEST8712243875460969',3,2,7,0),(1687,1000,'RO01TEST8712243875460969','2016-06-24 21:09:44','performance test','RO01TEST8712243875460969',3,2,7,0),(1688,1000,'RO01TEST8712243875460969','2016-06-24 21:09:44','performance test','RO01TEST8712243875460969',3,2,7,0),(1689,1000,'RO01TEST8712243875460969','2016-06-24 21:09:44','performance test','RO01TEST8712243875460969',3,2,7,0),(1690,1000,'RO01TEST8712243875460969','2016-06-24 21:09:44','performance test','RO01TEST8712243875460969',3,2,7,0),(1691,1000,'RO01TEST8712243875460969','2016-06-24 21:09:44','performance test','RO01TEST8712243875460969',3,2,7,0),(1692,1000,'RO01TEST8712243875460969','2016-06-24 21:09:44','performance test','RO01TEST8712243875460969',3,2,7,0),(1693,1000,'RO01TEST8712243875460969','2016-06-24 21:09:44','performance test','RO01TEST8712243875460969',3,2,7,0),(1694,1000,'RO01TEST8712243875460969','2016-06-24 21:09:44','performance test','RO01TEST8712243875460969',3,2,7,0),(1695,1000,'RO01TEST8712243875460969','2016-06-24 21:09:44','performance test','RO01TEST8712243875460969',3,2,7,0),(1696,1000,'RO01TEST8712243875460969','2016-06-24 21:09:44','performance test','RO01TEST8712243875460969',3,2,7,0),(1697,1000,'RO01TEST8712243875460969','2016-06-24 21:09:44','performance test','RO01TEST8712243875460969',3,2,7,0),(1698,1000,'RO01TEST8712243875460969','2016-06-24 21:09:44','performance test','RO01TEST8712243875460969',3,2,7,0),(1699,1000,'RO01TEST8712243875460969','2016-06-24 21:09:44','performance test','RO01TEST8712243875460969',3,2,7,0),(1700,1000,'RO01TEST8712243875460969','2016-06-24 21:09:44','performance test','RO01TEST8712243875460969',3,2,7,0),(1701,1000,'RO01TEST8712243875460969','2016-06-24 21:09:44','performance test','RO01TEST8712243875460969',3,2,7,0),(1702,1000,'RO01TEST8712243875460969','2016-06-24 21:09:44','performance test','RO01TEST8712243875460969',3,2,7,0),(1703,1000,'RO01TEST8712243875460969','2016-06-24 21:09:44','performance test','RO01TEST8712243875460969',3,2,7,0),(1704,1000,'RO01TEST8712243875460969','2016-06-24 21:09:44','performance test','RO01TEST8712243875460969',3,2,7,0),(1705,1000,'RO01TEST8712243875460969','2016-06-24 21:09:44','performance test','RO01TEST8712243875460969',3,2,7,0),(1706,1000,'RO01TEST8712243875460969','2016-06-24 21:09:44','performance test','RO01TEST8712243875460969',3,2,7,0),(1707,1000,'RO01TEST8712243875460969','2016-06-24 21:09:44','performance test','RO01TEST8712243875460969',3,2,7,0),(1708,1000,'RO01TEST8712243875460969','2016-06-24 21:09:44','performance test','RO01TEST8712243875460969',3,2,7,0),(1709,1000,'RO01TEST8712243875460969','2016-06-24 21:09:44','performance test','RO01TEST8712243875460969',3,2,7,0),(1710,1000,'RO01TEST8712243875460969','2016-06-24 21:09:44','performance test','RO01TEST8712243875460969',3,2,7,0),(1711,1000,'RO01TEST8712243875460969','2016-06-24 21:09:44','performance test','RO01TEST8712243875460969',3,2,7,0),(1712,1000,'RO01TEST8712243875460969','2016-06-24 21:09:44','performance test','RO01TEST8712243875460969',3,2,7,0),(1713,1000,'RO01TEST8712243875460969','2016-06-24 21:09:44','performance test','RO01TEST8712243875460969',3,2,7,0),(1714,1000,'RO01TEST8712243875460969','2016-06-24 21:09:44','performance test','RO01TEST8712243875460969',3,2,7,0),(1715,1000,'RO01TEST8712243875460969','2016-06-24 21:09:44','performance test','RO01TEST8712243875460969',3,2,7,0),(1716,1000,'RO01TEST8712243875460969','2016-06-24 21:09:44','performance test','RO01TEST8712243875460969',3,2,7,0),(1717,1000,'RO01TEST8712243875460969','2016-06-24 21:09:44','performance test','RO01TEST8712243875460969',3,2,7,0),(1718,1000,'RO01TEST8712243875460969','2016-06-24 21:09:44','performance test','RO01TEST8712243875460969',3,2,7,0),(1719,1000,'RO01TEST8712243875460969','2016-06-24 21:09:44','performance test','RO01TEST8712243875460969',3,2,7,0),(1720,1000,'RO01TEST8712243875460969','2016-06-24 21:09:44','performance test','RO01TEST8712243875460969',3,2,7,0),(1721,1000,'RO01TEST8712243875460969','2016-06-24 21:09:44','performance test','RO01TEST8712243875460969',3,2,7,0),(1722,1000,'RO01TEST8712243875460969','2016-06-24 21:09:44','performance test','RO01TEST8712243875460969',3,2,7,0),(1723,1000,'RO01TEST8712243875460969','2016-06-24 21:09:44','performance test','RO01TEST8712243875460969',3,2,7,0),(1724,1000,'RO01TEST8712243875460969','2016-06-24 21:09:44','performance test','RO01TEST8712243875460969',3,2,7,0),(1725,1000,'RO01TEST8712243875460969','2016-06-24 21:09:44','performance test','RO01TEST8712243875460969',3,2,7,0),(1726,1000,'RO01TEST8712243875460969','2016-06-24 21:09:44','performance test','RO01TEST8712243875460969',3,2,7,0),(1727,1000,'RO01TEST8712243875460969','2016-06-24 21:09:44','performance test','RO01TEST8712243875460969',3,2,7,0),(1728,1000,'RO01TEST8712243875460969','2016-06-24 21:09:44','performance test','RO01TEST8712243875460969',3,2,7,0),(1729,1000,'RO01TEST8712243875460969','2016-06-24 21:09:44','performance test','RO01TEST8712243875460969',3,2,7,0),(1730,1000,'RO01TEST8712243875460969','2016-06-24 21:09:44','performance test','RO01TEST8712243875460969',3,2,7,0),(1731,1000,'RO01TEST8712243875460969','2016-06-24 21:09:44','performance test','RO01TEST8712243875460969',3,2,7,0),(1732,1000,'RO01TEST8712243875460969','2016-06-24 21:09:44','performance test','RO01TEST8712243875460969',3,2,7,0),(1733,1000,'RO01TEST8712243875460969','2016-06-24 21:09:44','performance test','RO01TEST8712243875460969',3,2,7,0),(1734,1000,'RO01TEST8712243875460969','2016-06-24 21:09:44','performance test','RO01TEST8712243875460969',3,2,7,0),(1735,1000,'RO01TEST8712243875460969','2016-06-24 21:09:44','performance test','RO01TEST8712243875460969',3,2,7,0),(1736,1000,'RO01TEST8712243875460969','2016-06-24 21:09:44','performance test','RO01TEST8712243875460969',3,2,7,0),(1737,1000,'RO01TEST8712243875460969','2016-06-24 21:09:44','performance test','RO01TEST8712243875460969',3,2,7,0),(1738,1000,'RO01TEST8712243875460969','2016-06-24 21:09:44','performance test','RO01TEST8712243875460969',3,2,7,0),(1739,1000,'RO01TEST8712243875460969','2016-06-24 21:09:44','performance test','RO01TEST8712243875460969',3,2,7,0),(1740,1000,'RO01TEST8712243875460969','2016-06-24 21:09:44','performance test','RO01TEST8712243875460969',3,2,7,0),(1741,1000,'RO01TEST8712243875460969','2016-06-24 21:09:44','performance test','RO01TEST8712243875460969',3,2,7,0),(1742,1000,'RO01TEST8712243875460969','2016-06-24 21:09:44','performance test','RO01TEST8712243875460969',3,2,7,0),(1743,1000,'RO01TEST8712243875460969','2016-06-24 21:09:44','performance test','RO01TEST8712243875460969',3,2,7,0),(1744,1000,'RO01TEST8712243875460969','2016-06-24 21:09:44','performance test','RO01TEST8712243875460969',3,2,7,0),(1745,1000,'RO01TEST8712243875460969','2016-06-24 21:09:44','performance test','RO01TEST8712243875460969',3,2,7,0),(1746,50,'RO02TEST8025179927069130','2016-06-28 15:35:38','Ilie test','RO01TEST6383290919662709',1,3,7,0),(1747,10,'RO01TEST8470827035996785','2016-06-28 15:49:21','Ubis test','RO02TEST1743188689617071',1,3,7,1),(1748,100,'RO02TEST6696280318880379','2016-07-06 00:30:01','Transfer Maximilian to client2','RO01TEST6270732222739654',1,1,7,0),(1749,100,'RO02TEST6696280318880379','2016-07-06 00:34:47','Transfer Maximilian to Client2  II','RO01TEST6270732222739654',1,1,7,0);
/*!40000 ALTER TABLE `transactions` ENABLE KEYS */;
UNLOCK TABLES;

--
-- Table structure for table `users_cp`
--

DROP TABLE IF EXISTS `users_cp`;
/*!40101 SET @saved_cs_client     = @@character_set_client */;
/*!40101 SET character_set_client = utf8 */;
CREATE TABLE `users_cp` (
  `id` bigint(20) NOT NULL AUTO_INCREMENT,
  `CNP` varchar(13) NOT NULL,
  `address` varchar(255) NOT NULL,
  `email` varchar(255) NOT NULL,
  `firstname` varchar(255) NOT NULL,
  `lastname` varchar(255) NOT NULL,
  `password` varchar(255) NOT NULL,
  `telephone` varchar(255) NOT NULL,
  `username` varchar(30) NOT NULL,
  PRIMARY KEY (`id`),
  UNIQUE KEY `UK_f419h7jw9h8li4q2l8yjvqste` (`CNP`),
  UNIQUE KEY `UK_7mgotvk2ers37752k3w52s2xq` (`username`)
) ENGINE=InnoDB AUTO_INCREMENT=3 DEFAULT CHARSET=latin1;
/*!40101 SET character_set_client = @saved_cs_client */;

--
-- Dumping data for table `users_cp`
--

LOCK TABLES `users_cp` WRITE;
/*!40000 ALTER TABLE `users_cp` DISABLE KEYS */;
INSERT INTO `users_cp` VALUES (1,'N/A0000000000','N/A','domentiimaxim@yahoo.com','N/A','N/A','07WfylTarjY=','N/A','admin'),(2,'1921029000000','Romania, Bucuresti, Sector 6','dommax@yahoo.com','Maxim','Domentii','MCLqqumgCdaJJSpQl9fUJg==','+40700000000','cp_user1');
/*!40000 ALTER TABLE `users_cp` ENABLE KEYS */;
UNLOCK TABLES;

--
-- Table structure for table `users_hb`
--

DROP TABLE IF EXISTS `users_hb`;
/*!40101 SET @saved_cs_client     = @@character_set_client */;
/*!40101 SET character_set_client = utf8 */;
CREATE TABLE `users_hb` (
  `id` bigint(20) NOT NULL AUTO_INCREMENT,
  `CNP` varchar(13) NOT NULL,
  `address` varchar(255) NOT NULL,
  `auth_type` int(11) NOT NULL,
  `email` varchar(255) NOT NULL,
  `firstname` varchar(255) NOT NULL,
  `lastname` varchar(255) NOT NULL,
  `password` varchar(255) NOT NULL,
  `telephone` varchar(255) NOT NULL,
  `username` varchar(30) NOT NULL,
  PRIMARY KEY (`id`),
  UNIQUE KEY `UK_mf3xdb760i9c68e6xitl1exju` (`CNP`),
  UNIQUE KEY `UK_ip1yx662d25ubv1qdx079na1n` (`username`)
) ENGINE=InnoDB AUTO_INCREMENT=5 DEFAULT CHARSET=latin1;
/*!40101 SET character_set_client = @saved_cs_client */;

--
-- Dumping data for table `users_hb`
--

LOCK TABLES `users_hb` WRITE;
/*!40000 ALTER TABLE `users_hb` DISABLE KEYS */;
INSERT INTO `users_hb` VALUES (1,'1921029000000','Romania, Bucuresti, Sector 6, Aleea Bradisului, nr 1, sc 2',0,'domentiimaxim@yahoo.com','Maxim','Domentii','zlvuQR/E/jE=','+40711111111','client1'),(2,'1111111111111','test test test',0,'test@test.com','Client2','Client2','LThs/uK1SaY=','+400000000000','client2'),(3,'2222222222222','test test test',0,'test@test.ro','test','test','nEMA8KAhrdZUuUfeaiRiMA==','+400000000000','test_client'),(4,'1921029111111','Romania, Bucuresti, Sector 6',0,'dommax@yahoo.com','Maxim','Domentii','YO1oH1TQqszx7snmQv2BMA==','+40711111111','maximilian');
/*!40000 ALTER TABLE `users_hb` ENABLE KEYS */;
UNLOCK TABLES;
/*!40103 SET TIME_ZONE=@OLD_TIME_ZONE */;

/*!40101 SET SQL_MODE=@OLD_SQL_MODE */;
/*!40014 SET FOREIGN_KEY_CHECKS=@OLD_FOREIGN_KEY_CHECKS */;
/*!40014 SET UNIQUE_CHECKS=@OLD_UNIQUE_CHECKS */;
/*!40101 SET CHARACTER_SET_CLIENT=@OLD_CHARACTER_SET_CLIENT */;
/*!40101 SET CHARACTER_SET_RESULTS=@OLD_CHARACTER_SET_RESULTS */;
/*!40101 SET COLLATION_CONNECTION=@OLD_COLLATION_CONNECTION */;
/*!40111 SET SQL_NOTES=@OLD_SQL_NOTES */;

-- Dump completed on 2016-07-06  0:39:05
